smiles,logS
Oc1c(Cl)c(Cl)c(Cl)c(Cl)c1Cl,-4.28
Cc1c2ccccc2cc3ccccc13,-5.89
Cc1ncc(N(=O)=O)n1CCO,-1.26
NC(=O)c1ccccc1,-0.96
CCCC(O)CC,-0.8
CCCCNC(=O)n1c(NC(=O)OC)nc2ccccc12,-4.883
CCN(CC)c1c(cc(c(N)c1N(=O)=O)C(F)(F)F)N(=O)=O,-5.47
Oc2ccc1CCCCc1c2,-1.99
Clc1ccc(cc1)c2c(Cl)cccc2Cl,-6.14
COc1ccc(C=CC)cc1,-3.13
Clc1c(Cl)c(Cl)c(N(=O)=O)c(Cl)c1Cl,-5.82
Oc1ccc(Cl)cc1,-0.7
CN(C)C(=O)Nc1cccc(c1)C(F)(F)F,-3.43
c1c(Br)ccc2ccccc12,-4.4
Cc1ccc(OP(=O)(Oc2cccc(C)c2)Oc3ccccc3C)cc1,-6.01
CC1CCCCC1,-3.85
Oc1c(Cl)c(Cl)cc(Cl)c1Cl,-3.37
Oc2cc(O)c1C(=O)CC(Oc1c2)c3ccc(O)c(O)c3,-3.62
CC1(C)C(C=C(Cl)Cl)C1C(=O)OC(C#N)c2ccc(F)c(Oc3ccccc3)c2,-7.337
CCCCc1c(C)nc(nc1O)N(C)C,-2.24
CCc1ccccc1CC,-3.28
CC(C)CCOC=O,-1.52
CC(=O)OCC(=O)C1(O)CCC2C3CCC4=CC(=O)CCC4(C)C3C(O)CC21C,-4.88
CCCBr,-1.73
Oc1cccc(Cl)c1Cl,-1.3
CCN(CC)C(=S)SSC(=S)N(CC)CC,-4.86
CC12CCC(O)CC1CCC3C2CCC4(C)C3CCC4=O,-4.402
CN(C)C(=O)N(C)C,0.94
CC34CCc1c(ccc2cc(O)ccc12)C3CCC4=O,-5.24
c1(C(=O)OCCCCCC(C)(C))c(C(=O)OCCCCCC(C)(C))cccc1,-6.637
Cn2c(=O)on(c1ccc(Cl)c(Cl)c1)c2=O,-2.82
Clc1ccc2ccccc2c1,-4.14
CCC(C)Cl,-1.96
CC34CCC1C(=CCc2cc(O)ccc12)C3CCC4=O,-5.282
CC(Cl)Cl,-1.29
CC(C)COC(=O)C,-1.21
CCOP(=S)(OCC)SCn1c(=O)oc2cc(Cl)ccc12,-5.233
C1CCc2ccccc2C1,-4.37
Cc1cc(no1)C(=O)NNCc2ccccc2,-2.461
Cc1cccc(C)c1C,-3.2
CCC(=O)CC,-0.28
NC(=N)NS(=O)(=O)c1ccc(N)cc1,-1.99
Clc1ccc(Cl)c(c1)c2ccc(Cl)c(Cl)c2,-7.25
CC(C)=CCCC(C)=CC(=O),-2.06
CC(=O)C(C)(C)C,-0.72
Clc1ccc(Cl)cc1,-3.27
c1cccc2c3c(C)cc4ccccc4c3ccc12,-6.59
Fc1ccc(F)cc1,-1.97
CCC=C,-1.94
OCC(O)C2OC1OC(OC1C2O)C(Cl)(Cl)Cl,-1.84
CCCC(C)C,-3.74
Nc3ccc2cc1ccccc1cc2c3,-5.17
COCOC,0.48
CCCCC1C(=O)N(N(C1=O)c2ccccc2)c3ccccc3,-3.81
Oc1cccc(O)c1,0.81
CCCCCCCCl,-4.0
CC(C)OC=O,-0.63
ClC(Br)Br,-1.9
ClC(=C)Cl,-1.64
CCC(C)c1cc(cc(N(=O)=O)c1O)N(=O)=O,-3.38
FC(F)(F)C(Cl)Br,-1.71
O=C1CNC(=O)N1,-0.4
COC(=O)c1ccc(O)cc1,-1.827
CC(=C)C(=C)C,-2.4
CCC1(C(=O)NC(=O)NC1=O)C2=CCCCC2,-2.17
COP(=S)(OC)Oc1cc(Cl)c(Br)cc1Cl,-6.09
Cc3nnc4CN=C(c1ccccc1Cl)c2cc(Cl)ccc2n34,-4.09
Clc1ccc(c(Cl)c1)c2c(Cl)ccc(Cl)c2Cl,-7.43
CC1(C)C(C(=O)OC(C#N)c2cccc(Oc3ccccc3)c2)C1(C)C,-6.025
CCCCOC(=O)c1ccc(N)cc1,-3.082
CCI,-1.6
ClC1(C2(Cl)C3(Cl)C4(Cl)C5(Cl)C1(Cl)C3(Cl)Cl)C5(Cl)C(Cl)(Cl)C24Cl,-6.8
CC4CC3C2CCC1=CC(=O)C=CC1(C)C2(F)C(O)CC3(C)C4(O)C(=O)COC(C)=O,-4.9
Oc1ccc(C=O)cc1,-0.96
COc5cc4OCC3Oc2c1CC(Oc1ccc2C(=O)C3c4cc5OC)C(C)=C,-4.42
Oc1ccccc1O,0.62
CCC(=O)Nc1ccc(Cl)c(Cl)c1,-3.0
Oc1cc(Cl)cc(Cl)c1,-1.34
COP(=O)(OC)OC(Br)C(Cl)(Cl)Br,-2.28
CCC#C,-1.24
O=C(Nc1ccccc1)Nc2ccccc2,-3.15
NC(=O)CCl,-0.02
Cc1ccc(C)c(C)c1,-3.31
Cc1ccc(cc1)N(=O)=O,-2.49
O=C2NC(=O)C1(CC1)C(=O)N2,-1.886
CCOC(=O)CC,-0.66
ClC(=C(Cl)Cl)Cl,-2.54
Cc3ccnc4N(C1CC1)c2ncccc2C(=O)Nc34,-3.19
CCN2c1cc(OC)cc(C)c1NC(=O)c3cccnc23,-5.153
Oc1cccc2ncccc12,-2.54
Nc1ccc(cc1)S(=O)(=O)c2ccc(N)cc2,-3.094
O=N(=O)c1ccccc1,-1.8
CC(C)I,-2.09
Cc1occc1C(=O)Nc2ccccc2,-3.3
Clc1cccc(c1Cl)c2c(Cl)c(Cl)cc(Cl)c2Cl,-8.6
Cc1c[nH]c2ccccc12,-2.42
CCOP(=S)(OCC)SCSCC,-4.11
c1ccc2c(c1)[nH]c3ccccc32,-5.27
CCCCCCCCC(=O)OCC,-3.8
CC1CC2C3CCC(O)(C(=O)C)C3(C)CC(O)C2(F)C4(C)C=CC(=O)C=C14,-4.099
Clc1cc(Cl)c(c(Cl)c1)c2c(Cl)cc(Cl)cc2Cl,-8.71
CN(C)C(=O)Nc1ccc(Cl)cc1,-2.89
CC34CCC1C(CCC2=CC(=O)CCC12C)C3CCC4=O,-3.69
ON=Cc1ccc(o1)N(=O)=O,-2.19
CCc1ccccc1C,-3.21
Clc1ccc(Cl)c(c1)c2c(Cl)c(Cl)c(Cl)c(Cl)c2Cl,-8.94
OCC1OC(OC2C(O)C(O)C(O)OC2CO)C(O)C(O)C1O,0.358
CCN(CC)c1nc(Cl)nc(NC(C)C)n1,-3.785
CCOP(=S)(OCC)SCSc1ccc(Cl)cc1,-5.736
CC(C)OC(C)C,-1.1
NC(=O)NCc1ccccc1,-0.95
CC(=C)C,-2.33
CCCCO,0.0
CN(C=Nc1ccc(C)cc1C)C=Nc2ccc(C)cc2C,-5.47
Cc1cccc2ccccc12,-3.7
CCC1(CC)C(=O)NC(=O)N(C)C1=O,-2.23
NC(=O)NC1NC(=O)NC1=O,-1.6
CCCCCCCCCCCCCCO,-5.84
CC(C)C=C,-2.73
COc1nc(NC(C)C)nc(NC(C)C)n1,-2.478
c1ccc2c3c(ccc2c1)c4cccc5cccc3c45,-8.0
CCCOC=O,-0.49
Cc1ccccc1n3c(C)nc2ccccc2c3=O,-2.925
OCC(O)C(O)C(O)C(O)CO,0.06
CSc1nnc(c(=O)n1N)C(C)(C)C,-2.253
FC(F)(F)c1cccc(c1)N2CC(CCl)C(Cl)C2=O,-4.047
CN(C)c1ccccc1,-1.92
Nc1nc[nH]n1,0.522
CON(C)C(=O)Nc1ccc(Cl)c(Cl)c1,-3.592
Brc1ccccc1Br,-3.5
CC12CCC(CC1)C(C)(C)O2,-1.74
CC(C)N(C(C)C)C(=O)SCC(=CCl)Cl,-4.286
O=C(Cn1ccnc1N(=O)=O)NCc2ccccc2,-2.81
OC1CCCCCCC1,-1.29
CCCCOC,-0.99
Clc1ccccc1,-2.38
COC1=CC(=O)CC(C)C13Oc2c(Cl)c(OC)cc(OC)c2C3=O,-3.246
CCCC(=O)OCC,-1.36
O=C1CCC(=O)N1,0.3
ICI,-2.34
CCC#N,0.28
CCOC(=O)CC(=O)OCC,-0.82
C1SC(=S)NC1(=O),-1.77
Cc2cccc3sc1nncn1c23,-2.07
CCc1ccc(C)cc1,-3.11
c1ccccc1C(O)C(O)c2ccccc2,-1.93
C1CCC=CC1,-2.59
NC(=O)c1ccccc1O,-1.82
CC(C)C(C(=O)OC(C#N)c1cccc(Oc2ccccc2)c1)c3ccc(OC(F)F)cc3,-6.876
c2ccc1[nH]ccc1c2,-1.52
CC(C)CC(C)C,-4.26
C=CC=C,-1.87
Oc1ccc(Cl)cc1Cl,-1.55
Cc1c(cccc1N(=O)=O)N(=O)=O,-3.0
Clc1ccc(cc1)c2cc(Cl)ccc2Cl,-6.25
COC(C)(C)CCCC(C)CC=CC(C)=CC(=O)OC(C)C,-5.19
CCCC(=C)C,-3.03
C1C(O)CCC2(C)CC3CCC4(C)C5(C)CC6OCC(C)CC6OC5CC4C3C=C21,-7.32
Cc1cc(C)c(O)c(C)c1,-2.05
CCCCCC(C)C,-5.08
CCCCCCCCCCO,-3.63
C1c2ccccc2c3ccc4ccccc4c13,-6.68
CCCCC(O)CC,-1.47
FC(F)(Cl)C(F)(Cl)Cl,-3.04
OCC(O)CO,1.12
COc1cc(cc(OC)c1O)C6C2C(COC2=O)C(OC4OC3COC(C)OC3C(O)C4O)c7cc5OCOc5cc67,-3.571
CC(=O)SC4CC1=CC(=O)CCC1(C)C5CCC2(C)C(CCC23CCC(=O)O3)C45,-4.173
CC12CCC3C(CCc4cc(O)ccc34)C2CCC1O,-5.03
CCSC(=O)N(CC)C1CCCCC1,-3.4
OC1C=CC2C1C3(Cl)C(=C(Cl)C2(Cl)C3(Cl)Cl)Cl,-5.46
COP(=S)(OC)Oc1cc(Cl)c(I)cc1Cl,-6.62
CCCCC(=O)CCCC,-2.58
Clc1cccc(Cl)c1,-3.04
CCOP(=S)(OCC)N2C(=O)c1ccccc1C2=O,-3.35
CN(C)c2c(C)n(C)n(c1ccccc1)c2=O,-0.364
CCCCCOC(=O)CC,-1.28
CNC(=O)ON=C(CSC)C(C)(C)C,-1.62
CCC(C)(O)CC,-0.36
CCCCCCCC=C,-5.05
c1ccncc1,0.76
C1CCOC1,0.49
Cl\C=C/Cl,-1.3
CCCCC,-3.18
NS(=O)(=O)c2cc1c(NC(NS1(=O)=O)C(Cl)Cl)cc2Cl,-2.68
CCC(C)C,-3.18
c1ccc2cnccc2c1,-1.45
ClCc1ccccc1,-2.39
CCCCCCCCCO,-3.01
CCCc1ccccc1,-3.37
CCOC(=O)CC(SP(=S)(OC)OC)C(=O)OCC,-3.37
CC(C)(C)c1ccccc1,-3.66
CC1(C)CON(Cc2ccccc2Cl)C1=O,-2.338
Cc1ccc2cc(C)ccc2c1,-4.89
OC4=C(C1CCC(CC1)c2ccc(Cl)cc2)C(=O)c3ccccc3C4=O,-5.931
CCCCOC(=O)CCCCCCCCC(=O)OCCCC,-3.896
Cc1ccccc1O,-0.62
ClC=C(Cl)Cl,-1.96
CCCCCCCO,-1.81
O=Cc1ccco1,-0.1
Nc1ccc(cc1)c2ccc(N)cc2,-2.7
ClCCCCl,-1.62
CCCCCCCC(=O)C,-2.58
CCCCCCCC#C,-4.24
C1CCCC1,-2.64
CC(C)=CCCC(O)(C)C=C,-1.99
CC(C)C(=O)C,-0.12
O=N(=O)c1ccc(cc1)N(=O)=O,-3.39
c3ccc2c(O)c1ccccc1cc2c3,-4.73
CC(=O)Nc1ccc(cc1)N(=O)=O,-2.692
Brc1ccc(I)cc1,-4.56
COc1ccccc1O,-1.96
CC2=CC(=O)c1ccccc1C2=O,-3.03
CN(C)C(=S)SSC(=S)N(C)C,-3.9
CCCOCCC,-1.62
Clc1ccc(cc1)c2cc(Cl)ccc2Cl,-6.27
Clc1cccc(Br)c1,-3.21
Cc1c2ccccc2c(C)c3ccc4ccccc4c13,-7.02
NC(=O)c1cnccn1,-0.667
COc1cc(CC=C)ccc1O,-1.56
CC1(C)C(C=C(Cl)Cl)C1C(=O)OCc2cccc(Oc3ccccc3)c2,-6.291
COP(=S)(OC)Oc1ccc(cc1Cl)N(=O)=O,-4.31
O=N(=O)c1cc(Cl)c(Cl)cc1,-3.2
Cc1ccc(C)cc1,-2.77
ClC(Cl)C(Cl)Cl,-1.74
Clc1cc(Cl)c(Cl)c(c1Cl)c2c(Cl)c(Cl)cc(Cl)c2Cl,-9.15
CON(C)C(=O)Nc1ccc(Br)c(Cl)c1,-3.924
Nc1nc(=O)[nH]cc1F,-0.972
CCCOC(=O)c1ccc(N)cc1,-2.452
Brc1cc(Br)c(Br)cc1Br,-6.98
C=Cc1ccccc1,-2.82
ClCCC#N,-0.29
ClC(Cl)(Cl)C(NC=O)N1C=CN(C=C1)C(NC=O)C(Cl)(Cl)Cl,-4.19
CCC1CCCCC1,-4.25
CC1CC2C3CC(F)C4=CC(=O)C=CC4(C)C3(F)C(O)CC2(C)C1(O)C(=O)CO,-5.613
CC(OC(=O)Nc1cccc(Cl)c1)C#C,-2.617
Clc1ccc(I)cc1,-4.03
Fc1ccccc1,-1.8
CCC(C)(C)CC,-4.23
CCOC(=O)Nc2cccc(OC(=O)Nc1ccccc1)c2,-4.632
O2c1ccccc1N(C)C(=O)c3cccnc23,-3.672
BrC(Cl)Cl,-1.54
CCCC(=O)CC,-0.83
N#Cc1ccccc1,-1.0
CC#C,-0.41
Cc1cc(=O)[nH]c(=S)[nH]1,-2.436
CCCCCCCCCCCCCCCCCCCCCCCCCC,-8.334
C=CCS(=O)SCC=C,-0.83
Cc1ccc(cc1N(=O)=O)N(=O)=O,-2.82
CC(=O)Nc1ccc(F)cc1,-1.78
CCCCCCCC(C)O,-2.74
CC1(C)C2CCC1(C)C(=O)C2,-1.96
COc1ccccc1OCC(O)COC(N)=O,-0.985
CCN2c1cc(Cl)ccc1NC(=O)c3cccnc23,-5.36
CSCS(=O)CC(CO)NC(=O)C=Cc1c(C)[nH]c(=O)[nH]c1=O,-1.981
CCN2c1cc(N(C)C)cc(C)c1NC(=O)c3cccnc23,-4.871
COc1c(O)c(Cl)c(Cl)c(Cl)c1Cl,-4.02
Cc1ccccc1Cl,-3.52
CNC(=O)Oc1cccc2CC(C)(C)Oc12,-2.8
COc1ccc(cc1)N(=O)=O,-2.41
CC(=O)OCC(=O)C3(O)CCC4C2CCC1=CC(=O)C=CC1(C)C2C(O)CC34C,-4.37
Cc1cccnc1C,0.38
CCS,-0.6
CCOC(=O)C=Cc1ccccc1,-3.0
CCCCCCCCOC(=O)c1ccccc1C(=O)OCCCCCCCC,-5.115
CCC(C)C1(CC=C)C(=O)NC(=O)NC1=O,-2.016
C1(=O)NC(=O)NC(=O)C1(O)C2(O)C(=O)NC(=O)NC2(=O),-1.99
C2c1ccccc1N(CCF)C(=O)c3ccccc23,-4.799
CCC(C)CCO,-0.72
O(c1ccccc1)c2ccccc2,-3.96
CC(C)c1ccccc1,-3.27
CC(C)CCC(C)(C)C,-5.05
CCCCN(CC)c1c(cc(cc1N(=O)=O)C(F)(F)F)N(=O)=O,-5.53
O=N(=O)c1cc(cc(c1)N(=O)=O)N(=O)=O,-2.89
Nc1ccccc1Cl,-1.52
Oc1c(Cl)cc(Cl)c(Cl)c1Cl,-3.1
CCCC=O,-0.01
CC1CO1,-0.59
COC(=O)c1ccccc1C(=O)OC,-1.66
Cc1ccc(Cl)cc1,-3.08
Nc2nc1[nH]cnc1c(=O)[nH]2,-3.583
Cc1ccc2cc3ccccc3cc2c1,-6.96
CC(=O)OCC(=O)C3(O)C(CC4C2CCC1=CC(=O)C=CC1(C)C2(F)C(O)CC34C)OC(C)=O,-4.13
Clc1ccc(cc1)c2ccccc2Cl,-5.25
CN(C)C(=O)C,1.11
ClC4=C(Cl)C5(Cl)C3C1CC(C2OC12)C3C4(Cl)C5(Cl)Cl,-6.18
Cc1cccc(C)c1O,-1.29
c1ccc2c(c1)c3cccc4cccc2c34,-6.0
CCCC=C(CC)C=O,-2.46
c2c(C)cc1nc(C)ccc1c2,-1.94
c1cc2ccc3cccc4ccc(c1)c2c34,-6.176
CCCOC(=O)CC,-0.82
Ic1ccccc1,-3.01
CCNc1nc(Cl)nc(NCC)n1,-4.55
Clc1ccc(c(Cl)c1)c2cc(Cl)ccc2Cl,-6.57
CCCCCCCC,-5.24
CCCCCCCCCC(=O)OC,-4.69
C2c1ccccc1N(CCF)C(=O)c3ccccc23,-3.535
COCCCNc1nc(NC(C)C)nc(SC)n1,-2.928
CCCCCC1CCCC1,-6.08
CCCO,0.62
Cc1cc(C)c(C)cc1C,-4.59
CC13CCC(=O)C=C1CCC4C2CCC(C(=O)CO)C2(CC(O)C34)C=O,-3.85
COC(=O)C=C,-0.22
Sc2nc1ccccc1s2,-3.18
Clc1ccc(c(Cl)c1Cl)c2ccc(Cl)c(Cl)c2Cl,-8.01
Nc2cnn(c1ccccc1)c(=O)c2Cl,-2.878
Oc1ccc(Br)cc1,-1.09
CC(C)CC(C)(C)C,-4.74
CCOP(=S)(OCC)Oc1cc(C)nc(n1)C(C)C,-3.64
Clc1cc(c(Cl)c(Cl)c1Cl)c2cc(Cl)c(Cl)c(Cl)c2Cl,-9.16
CNC(=O)Oc1cc(C)cc(C)c1,-2.581
CCOC(C)OCC,-0.43
o1c2ccccc2c3ccccc13,-4.6
CCCCC=O,-0.85
OC(c1ccc(Cl)cc1)(c2cncnc2)c3ccccc3Cl,-4.38
Cc1[nH]c(=O)n(c(=O)c1Cl)C(C)(C)C,-2.484
Oc1ccc2ccccc2c1,-2.28
CCc1ccc(CC)cc1,-3.75
ClC(Cl)C(c1ccc(Cl)cc1)c2ccc(Cl)cc2,-7.2
CCOC=O,0.15
OCc1ccccc1,-0.4
Fc1cccc(F)c1C(=O)NC(=O)Nc2cc(Cl)c(F)c(Cl)c2F,-7.28
Clc1cccc2ccccc12,-3.93
CC2(C)C1CCC(C)(C1)C2=O,-1.85
CC2Nc1cc(Cl)c(cc1C(=O)N2c3ccccc3C)S(N)(=O)=O,-3.78
CC(=O)N(S(=O)c1ccc(N)cc1)c2onc(C)c2C,-3.59
Clc1ccc(c(Cl)c1)c2cc(Cl)c(Cl)c(Cl)c2Cl,-7.39
Clc1ccccc1Cl,-3.05
CCCC(C)C1(CC=C)C(=O)NC(=S)NC1=O,-3.46
CC(=O)Nc1ccc(O)cc1,-1.03
Brc1cccc2ccccc12,-4.35
Clc1cccc(Cl)c1Cl,-4.0
Oc1cc(Cl)ccc1Oc2ccc(Cl)cc2Cl,-4.46
CC(C)OC(=O)C(O)(c1ccc(Br)cc1)c2ccc(Br)cc2,-4.93
CC(=O)CCC1C(=O)N(N(C1=O)c2ccccc2)c3ccccc3,-3.27
OCCCC=C,-0.15
CC(C)OC(=O)Nc1cccc(Cl)c1,-3.38
O=C1N(COC(=O)CC)C(=O)C(N1)(c2ccccc2)c3ccccc3,-4.907
CN(C)C(=O)NC1CCCCCCC1,-2.218
c1ccc2cc3c4cccc5cccc(c3cc2c1)c45,-8.49
Clc1ccc(Cl)c(Cl)c1,-3.59
NS(=O)(=O)c1cc(ccc1Cl)C2(O)NC(=O)c3ccccc23,-3.451
Nc1ccc(Cl)cc1,-1.66
CC12CCC3C(CCc4cc(O)ccc34)C2CCC1=O,-3.955
CCOc1ccccc1,-2.33
CCCCC(=O)OC,-1.34
CCCC#C,-1.64
CCC2NC(=O)c1cc(c(Cl)cc1N2)S(N)(=O)=O,-3.29
c2ccc1ocnc1c2,-1.16
CC(C)C(C)C(C)C,-4.8
O=C1NC(=O)c2ccccc12,-2.61
CC=C,-1.08
O=C(c1ccccc1)c2ccccc2,-3.12
C=C,-0.4
CCCOC(=O)CCC,-1.75
ClC1CC2C(C1Cl)C3(Cl)C(=C(Cl)C2(Cl)C3(Cl)Cl)Cl,-6.86
CNC(=O)Oc1ccccc1C(C)C,-2.863
CCCOC(=O)C,-0.72
CCCCCBr,-3.08
Oc1c(Br)cc(C#N)cc1Br,-3.33
OC(CC(c1ccccc1)c3c(O)c2ccccc2oc3=O)c4ccc(cc4)c5ccc(Br)cc5,-4.445
c1ccc2c(c1)c3ccccc3c4ccccc24,-6.726
ClC(Cl)(Cl)Cl,-2.31
CCCCc1c(C)nc(NCC)nc1OS(=O)(=O)N(C)C,-4.16
CCC(=O)C,0.52
Oc1ccncc1,1.02
Clc1ccc(Br)cc1,-3.63
C1c2ccccc2c3ccccc13,-5.0
CCCCCCBr,-3.81
c1ccc(cc1)c2ccccc2,-4.345
CC(O)C(C)(C)C,-0.62
OCC2OC(OC1(CO)OC(CO)C(O)C1O)C(O)C(O)C2O,0.79
CC(C)OC(=O)C,-0.55
c1ccccc1O,0.0
Ic1cccc2ccccc12,-4.55
CCCCCCCCCCCCCCCCCCO,-8.4
Clc1ccc(cc1)c2cccc(Cl)c2Cl,-6.29
CC12CC(O)C3C(CCC4=CC(=O)C=CC34C)C2CCC1(O)C(=O)CO,-3.18
Oc1cccc2cccnc12,-2.42
OC(c1ccc(Cl)cc1)(c2ccc(Cl)cc2)C(Cl)(Cl)Cl,-5.666
O=C1N(COC(=O)CCCCCC)C(=O)C(N1)(c2ccccc2)c3ccccc3,-6.301
CCCCC(CC)C=O,-2.13
CC34CCC1C(CCC2CC(=O)CCC12C)C3CCC4O,-4.743
CCC1(CCC(=O)NC1=O)c2ccccc2,-2.337
Clc2c(Cl)c(Cl)c(c1ccccc1)c(Cl)c2Cl,-7.92
Oc1ccc(cc1)c2ccccc2,-3.48
c1ccccc1,-1.64
c1ccc2c(c1)cc3ccc4cccc5ccc2c3c45,-8.699
Clc1ccc(cc1)c2cccc(Cl)c2Cl,-6.26
CCCOC(C)C,-1.34
CC(C)C(O)C(C)C,-1.22
CCSCCSP(=S)(OC)OC,-3.091
CCNc1nc(NC(C)(C)C)nc(SC)n1,-4.0
C1Cc2c3c1cccc3cc4c2ccc5ccccc54,-7.85
c1(Br)c(Br)cc(Br)cc1,-4.5
CCCSCCC,-2.58
CCCCc1ccccc1,-4.06
CC(C)CCCO,-1.14
CC(C)Nc1nc(Cl)nc(NC(C)C)n1,-4.43
CCN2c1nc(C)cc(C(F)(F)F)c1NC(=O)c3cccnc23,-4.207
CNC(=O)C(C)SCCSP(=O)(OC)(OC),1.144
c1ccc2c(c1)sc3ccccc23,-4.38
CCCCCC(=O)OCC,-2.35
COc1ncnc2nccnc12,-1.11
CCCCOC=O,-1.37
OCC1OC(O)C(O)C(O)C1O,0.74
CC(=O)OC3(C)CCC4C2CCC1=CC(=O)CCC1(C)C2CCC34C,-5.284
CCN2c1nc(C)cc(C)c1NC(=O)c3cccnc23,-4.554
Clc1ccc(Cl)c(c1)c2cc(Cl)c(Cl)c(Cl)c2Cl,-7.68
c1ccc2c(c1)ccc3c4ccccc4ccc23,-8.057
CCCCCC,-3.84
Cc1c(C)c2c3ccccc3ccc2c4ccccc14,-7.01
CCCI,-2.29
Oc1ccccc1Cl,-1.06
COC(=O)c1cccnc1,-0.46
N(c1ccccc1)c2ccccc2,-3.504
CCOC(=O)C,-0.04
COc2c1occc1c(OC)c3c(=O)cc(C)oc23,-3.021
Fc1ccccc1Br,-2.7
ClC(Cl)(Cl)N(=O)=O,-2.0
c1c(NC(=O)c2ccccc2(I))cccc1,-4.21
CCC1(C(=O)NC(=O)NC1=O)c2ccccc2,-2.322
COP(=S)(OC)Oc1ccc(Sc2ccc(OP(=S)(OC)OC)cc2)cc1,-6.237
c1(O)cc(O)ccc1CCCCCC,-2.59
CCCCCCl,-2.73
O=C1NC(=O)NC(=O)C1(C)CC,-1.228
NC(N)=NC#N,-0.31
N#Cc1ccccc1C#N,-2.38
CN(C)c1nc(nc(n1)N(C)C)N(C)C,-3.364
Cc1cccc(N)c1,-0.85
CSC,-0.45
CCCCCC(O)CC,-1.98
C1CCCCC1,-3.1
CCOC(=O)c1ccccc1,-2.32
Cc1cc(C)c(C)c(C)c1C,-4.0
OC1CCCCC1,-0.44
CC2Cc1ccccc1N2NC(=O)c3ccc(Cl)c(c3)S(N)(=O)=O,-3.586
CCCCCC=O,-1.3
CCN(CC(C)=C)c1c(cc(cc1N(=O)=O)C(F)(F)F)N(=O)=O,-6.124
OC(C1=CC2C5C(C1C2=C(c3ccccc3)c4ccccn4)C(=O)NC5=O)(c6ccccc6)c7ccccn7,-3.931
CCCOP(=S)(OCCC)SCC(=O)N1CCCCC1C,-4.15
Sc1ccccc1,-2.12
Oc2ccc1ncccc1c2,-2.16
CCCCC(C)(C)O,-1.08
CC12CCC(CC1)C(C)(C)O2,-1.64
Brc1cccc(Br)c1,-3.54
CCCCCC(C)O,-1.55
Clc1cc(Cl)c(Cl)cc1Cl,-5.56
Fc1c[nH]c(=O)[nH]c1=O,-1.077
CC(C)CC(C)O,-0.8
O2c1cc(C)ccc1N(C)C(=O)c3cc(N)cnc23,-3.043
CC(=O)C1(O)CCC2C3CCC4=CC(=O)CCC4(C)C3CCC21C,-3.817
Oc1ccccn1,1.02
BrCBr,-1.17
COc2ncc1nccnc1n2,-1.11
CCCCCCCCCCCCCCCCO,-7.0
C=CCCC=C,-2.68
CC12CC(=O)C3C(CCC4=CC(=O)CCC34C)C2CCC1(O)C(=O)CO,-3.11
CN(C(=O)NC(C)(C)c1ccccc1)c2ccccc2,-3.35
O=c2[nH]c(=O)c1[nH]c(=O)[nH]c1[nH]2,-3.93
N(=Nc1ccccc1)c2ccccc2,-4.45
ClC1=C(Cl)C2(Cl)C3C4CC(C=C4)C3C1(Cl)C2(Cl)Cl,-6.307
CC(=O)OCC(=O)C3(O)CCC4C2CCC1=CC(=O)CCC1(C)C2C(=O)CC34C,-4.21
CCC1(C(=O)NC(=O)NC1=O)C2=CCC3CCC2C3,-2.696
CCC(C)C1(CC(Br)=C)C(=O)NC(=O)NC1=O,-2.647
ClC(Cl)C(Cl)(Cl)Cl,-2.6
COC(=O)c1cc(O)c(O)c(O)c1,-1.24
CCCC(=O)C,-0.19
COc2cnc1ncncc1n2,-1.139
CC1=CCC(CC1)C(C)=C,-4.26
CCOC=C,-0.85
CCN(=O)=O,-0.22
CCCN(CCC)c1c(cc(cc1N(=O)=O)S(N)(=O)=O)N(=O)=O,-5.16
CN(C)C(=O)Oc1cc(C)nn1c2ccccc2,-2.09
Cn2cc(c1ccccc1)c(=O)c(c2)c3cccc(c3)C(F)(F)F,-4.445
NC(=S)N,0.32
OC1C(O)C(O)C(O)C(O)C1O,0.35
CC(C)=CC3C(C(=O)OCc2cccc(Oc1ccccc1)c2)C3(C)C,-5.24
c1c(NC(=O)OC(C)C(=O)NCC)cccc1,-1.83
O=C2NC(=O)C1(CCCCC1)C(=O)N2,-3.06
CC(C)Br,-1.59
COP(=S)(OC)Oc1ccc(SC)c(C)c1,-4.57
CC3C2CCC1(C)C=CC(=O)C(=C1C2OC3=O)C,-3.09
CCC(C)CO,-0.47
ClCC,-1.06
CC(C)=CCC/C(C)=C\CO,-2.46
CCCCCc1ccccc1,-4.64
CCCOC,-0.39
O=c1[nH]cnc2nc[nH]c12,-2.296
O=C1NC(=O)C(=O)C(=O)N1,-1.25
CN(C)C(=O)Nc1ccccc1,-1.6
CCNc1nc(Cl)nc(n1)N(CC)CC,-4.06
CCOC2Oc1ccc(OS(C)(=O)=O)cc1C2(C)C,-3.42
C=CC#N,0.15
ClCC(Cl)(Cl)Cl,-2.18
CC(C)N(=O)=O,-0.62
O=C1N(COC(=O)CCCCC)C(=O)C(N1)(c2ccccc2)c3ccccc3,-5.886
CCCCC(C)(O)CC,-1.6
Clc1ccccc1c2ccccc2,-4.54
CCC(O)CC,-0.24
CCCC(O)CCC,-1.4
Cc1cccc2c(C)cccc12,-4.679
O=C(C=CC=Cc2ccc1OCOc1c2)N3CCCCC3,-3.46
CN(C(=O)COc1nc2ccccc2s1)c3ccccc3,-4.873
Cc1cncc(C)c1,0.38
CNC(=O)Oc1cccc(N=CN(C)C)c1,-2.34
c1ccc(cc1)c2ccc(cc2)c3ccccc3,-7.11
CC1(C)C(C=C(Cl)Cl)C1C(=O)OC(C#N)c2cccc(Oc3ccccc3)c2,-8.017
CCOC(=O)NCCOc2ccc(Oc1ccccc1)cc2,-4.7
Clc1ccc(Cl)c(c1)c2c(Cl)c(Cl)cc(Cl)c2Cl,-7.42
c2(Cl)c(Cl)c(Cl)c1nccnc1c2(Cl),-5.43
CC1CC2C3CCC4=CC(=O)C=CC4(C)C3(F)C(O)CC2(C)C1(O)C(=O)CO,-3.59
O=N(=O)c1ccccc1N(=O)=O,-3.1
Cc1ccccc1N,-2.21
CC(C)N(C(=O)CCl)c1ccccc1,-2.48
CC(C)NC(=O)N1CC(=O)N(C1=O)c2cc(Cl)cc(Cl)c2,-4.376
CC(=C)C1CC=C(C)C(=O)C1,-2.06
OC3N=C(c1ccccc1)c2cc(Cl)ccc2NC3=O,-3.952
Cc3cc2nc1c(=O)[nH]c(=O)nc1n(CC(O)C(O)C(O)CO)c2cc3C,-3.685
Cc1cc(=O)n(c2ccccc2)n1C,0.715
OC3N=C(c1ccccc1Cl)c2cc(Cl)ccc2NC3=O,-3.604
CCCN(CCC)c1c(cc(cc1N(=O)=O)C(F)(F)F)N(=O)=O,-5.68
CCC(Br)(CC)C(=O)NC(N)=O,-2.68
CCC#CCC,-1.99
Cn2c(=O)n(C)c1ncn(CC(O)CO)c1c2=O,-0.17
c2ccc1nc(ccc1c2)c4ccc3ccccc3n4,-5.4
Cc1cc(cc(N(=O)=O)c1O)N(=O)=O,-1.456
CC(Cl)(Cl)Cl,-2.0
OCC2OC(Oc1ccccc1CO)C(O)C(O)C2O,-0.85
Oc1ccc(Cl)cc1Cc2cc(Cl)ccc2O,-3.953
CC1=CCCCC1,-3.27
Cc1cc2ccccc2cc1C,-4.72
Nc1cccc(c1)N(=O)=O,-2.19
ClC(Cl)C(Cl)(Cl)SN2C(=O)C1CC=CCC1C2=O,-5.4
CN(C)C(=O)NC1CC2CC1C3CCCC23,-3.171
CC(=O)OC3(CCC4C2C=C(C)C1=CC(=O)CCC1(C)C2CCC34C)C(C)=O,-5.35
C,-0.9
CC1OC(CC(O)C1O)OC2C(O)CC(OC2C)OC8C(O)CC(OC7CCC3(C)C(CCC4C3CCC5(C)C(CCC45O)C6=CC(=O)OC6)C7)OC8C,-5.293
CCCCCCC#C,-3.66
C1CCOCC1,-0.03
CCN(CC)c1nc(Cl)nc(n1)N(CC)CC,-4.411
Oc1c(Cl)cccc1Cl,-1.79
OCC(NC(=O)C(Cl)Cl)C(O)c1ccc(cc1)N(=O)=O,-2.111
C(c1ccccc1)c2ccccc2,-4.08
CC(C)c1ccc(NC(=O)N(C)C)cc1,-3.536
CC34CCC1C(CCc2cc(O)ccc12)C3CC(O)C4O,-4.955
CCNc1nc(Cl)nc(NC(C)C)n1,-3.85
Nc1ccccc1N(=O)=O,-1.96
CN(C)C(=O)Nc1ccc(c(Cl)c1)n2nc(oc2=O)C(C)(C)C,-4.328
c1ccc2c(c1)ccc3c2ccc4c5ccccc5ccc43,-7.87
CCCCCCCCC(=O)OC,-3.38
Cc1ccccc1C,-2.8
COC(=O)c1ccccc1OC2OC(COC3OCC(O)C(O)C3O)C(O)C(O)C2O,-0.742
Nc1nccs1,-0.36
CC12CCC3C(CCC4=CC(=O)CCC34C)C2CCC1O,-4.02
Brc1ccc(Br)cc1,-4.07
CN(C)C(=O)Nc1ccc(C)c(Cl)c1,-3.46
Oc1cc(Cl)cc(Cl)c1Cl,-2.67
Clc1ccc(c(Cl)c1)c2ccc(Cl)c(Cl)c2Cl,-7.8
Cc1ccncc1C,0.36
CCCCCC(C)(C)O,-1.72
CCCCCCCI,-4.81
NC(=S)Nc1ccccc1,-1.77
Oc1ccc(c(O)c1)c3oc2cc(O)cc(O)c2c(=O)c3O,-3.083
BrCCBr,-1.68
CC(C)COC=O,-1.01
CSSC,-1.44
O=C2CN(N=Cc1ccc(o1)N(=O)=O)C(=O)N2,-3.38
CCC(C)C(C)C,-4.28
c2ccc1NCCc1c2,-1.04
CCOP(=O)(OCC)OCC,0.43
CCCCCCc1ccccc1,-5.21
CCCCCCCBr,-4.43
ClCC#CCOC(=O)Nc1cccc(Cl)c1,-4.37
CCCCCC=C,-3.73
CC1CCCCC1NC(=O)Nc2ccccc2,-4.11
CC(C)O,0.43
Cc1cccc(C)c1,-2.82
Cc1c[nH]c(=O)[nH]c1=O,-1.506
CCN2c1nc(Cl)ccc1N(C)C(=O)c3cccnc23,-4.114
CCCCCCCCCC(=O)OCC,-4.1
CCC,-1.94
CC(C)(C)c1ccc(O)cc1,-2.41
Nc3nc(N)c2nc(c1ccccc1)c(N)nc2n3,-2.404
CCCCCC(=O)C,-1.45
Cc1cccc2c1Cc3ccccc32,-5.22
CC=CC=O,0.32
CC1=C(C(=O)Nc2ccccc2)S(=O)(=O)CCO1,-2.281
CCOP(=S)(OCC)Oc1ccc(cc1)S(C)=O,-2.3
COC(=O)Nc1cccc(OC(=O)Nc2cccc(C)c2)c1,-4.805
FC(F)(Cl)C(F)(F)Cl,-2.74
O=C1NC(=O)C(=O)N1,-0.4
CC(C)OP(=S)(OC(C)C)SCCNS(=O)(=O)c1ccccc1,-4.2
CC,-1.36
OCCOc1ccccc1,-0.7
CCOP(=S)(OCC)ON=C(C#N)c1ccccc1,-4.862
CCOCCOCC,-0.77
CCN2c1nc(N(C)(CCO))ccc1NC(=O)c3cccnc23,-3.36
Oc1cccc2ccccc12,-2.22
CCCC1CCCC1,-4.74
CCN(CC)C(=S)SCC(Cl)=C,-3.39
ClC(Cl)Cl,-1.17
Oc1ccc(O)cc1,-0.17
CC=C(C(=CC)c1ccc(O)cc1)c2ccc(O)cc2,-4.95
CCCCOC(=O)c1ccccc1C(=O)OCCCC,-4.4
Clc1ccc(cc1)N(=O)=O,-2.92
CCN2c1ccccc1N(C)C(=O)c3ccccc23,-4.749
CCOC(=O)N(C)C(=O)CSP(=S)(OCC)OCC,-2.518
c1ccc2c(c1)ccc3ccccc32,-5.26
ClC(Cl)(Cl)C#N,-2.168
O=C1NC(=O)NC(=O)C1(CC)C(C)CCC,-2.39
CC12CCC(=O)C=C1CCC3C2CCC4(C)C3CCC4(O)C#C,-5.66
CC34CC(=O)C1C(CCC2=CC(=O)CCC12C)C3CCC4(=O),-3.48
O=C1NC(=O)NC(=O)C1(CC)C(C)CC,-2.39
ClC1(C(=O)C2(Cl)C3(Cl)C14Cl)C5(Cl)C2(Cl)C3(Cl)C(Cl)(Cl)C45Cl,-5.259
CC(C)c1ccccc1C,-3.76
Clc1cccc(c1Cl)c2cccc(Cl)c2Cl,-7.28
CC=C(C)C,-2.56
CCNc1nc(NC(C)C)nc(OC)n1,-2.084
CCCCCCCCCCCCCCCCCCCC,-8.172
c1ccccc1SC,-2.39
C/C1CCC(\C)CC1,-4.47
C1OC1c2ccccc2,-1.6
CCN(CC)c1ccccc1,-3.03
CC(C)c1ccc(C)cc1O,-2.22
CC(Cl)CCl,-1.6
CCc1cccc2ccccc12,-4.17
CCCCCO,-0.6
O=Cc1ccccc1,-1.19
ClC(=C(Cl)C(=C(Cl)Cl)Cl)Cl,-4.92
CCCCc1c(C)nc(NCC)[nH]c1=O,-3.028
OCC3OC(OCC2OC(OC(C#N)c1ccccc1)C(O)C(O)C2O)C(O)C(O)C3O,-0.77
O=C2NC(=O)C1(CCC1)C(=O)N2,-1.655
CC(=O)Nc1ccc(Br)cc1,-3.083
O=N(=O)c1c(Cl)c(Cl)ccc1,-3.48
OC(Cn1cncn1)(Cn2cncn2)c3ccc(F)cc3F,-1.8
CCCC1C(=O)N3N(C1=O)c2cc(C)ccc2N=C3N(C)C,-3.538
CCc1cccc(CC)c1N(COC)C(=O)CCl,-3.26
CCC(O)(CC)CC,-0.85
CC(C)C1CCC(C)CC1O,-2.53
Clc1c(Cl)c(Cl)c(c(Cl)c1Cl)c2c(Cl)c(Cl)c(Cl)c(Cl)c2Cl,-11.6
Cc1c(F)c(F)c(COC(=O)C2C(C=C(Cl)C(F)(F)F)C2(C)C)c(F)c1F,-7.321
CCCCC(=O)OC3(C(C)CC4C2CCC1=CC(=O)C=CC1(C)C2(F)C(O)CC34C)C(=O)CO,-4.71
Nc3cc2c1ccccc1ccc2c4ccccc34,-6.2
ClC=C,-1.75
CCOP(=S)(OCC)SCCSCC,-4.23
Cc1ncc(N(=O)=O)n1CCO,-1.22
CCCCCC(=O)OC,-1.87
O=C1NCCN1c2ncc(s2)N(=O)=O,-3.22
O=N(=O)c1cccc(c1)N(=O)=O,-2.29
COP(=S)(OC)SCC(=O)N(C)C=O,-1.995
Clc2ccc1oc(=O)[nH]c1c2,-2.831
OC(Cn1cncn1)(c2ccc(F)cc2)c3ccccc3F,-3.37
O=C1N(COC(=O)CCCC)C(=O)C(N1)(c2ccccc2)c3ccccc3,-4.678
c1(OC)ccc(CC=C)cc1,-2.92
Nc1nc(O)nc2nc[nH]c12,-3.401
OCC1OC(OC2C(O)C(O)C(O)OC2CO)C(O)C(O)C1O,-0.244
Clc1cc(Cl)c(cc1Cl)c2cccc(Cl)c2Cl,-7.21
Clc1ccc(cc1)C(c2ccc(Cl)cc2)C(Cl)(Cl)Cl,-7.15
O=C1N(C2CCC(=O)NC2=O)C(=O)c3ccccc13,-2.676
c1ccc2cc3ccccc3cc2c1,-6.35
CN(C)C(=O)Nc2ccc(Oc1ccc(Cl)cc1)cc2,-4.89
C1Cc2ccccc2C1,-3.04
OCC(O)C(O)C(O)C(O)CO,1.09
O=C1NC(=O)C(N1)(c2ccccc2)c3ccccc3,-4.097
c1ccccc1(OC(=O)NC),-1.803
Oc1ccc(Cl)c(Cl)c1Cl,-2.67
Clc1ccccc1C2=NCC(=O)Nc3ccc(cc23)N(=O)=O,-3.499
CCCC,-2.57
CN2C(=O)CN=C(c1ccccc1)c3cc(Cl)ccc23,-3.754
CCCC=C,-2.68
CSc1nc(nc(n1)N(C)C)N(C)C,-2.676
Clc1ccc(c(Cl)c1)c2c(Cl)c(Cl)c(Cl)c(Cl)c2Cl,-7.92
CCCC1COC(Cn2cncn2)(O1)c3ccc(Cl)cc3Cl,-3.493
C1CCCCCCC1,-4.15
CCOP(=S)(OCC)Oc1nc(Cl)n(n1)C(C)C,-3.658
O=C3CN=C(c1ccccc1)c2cc(ccc2N3)N(=O)=O,-3.796
Nc2cccc3nc1ccccc1cc23,-4.22
CCO,1.1
COP(=S)(OC)Oc1ccc(N(=O)=O)c(C)c1,-4.04
CCC(C)O,0.47
CCc1cccc(C)c1N(C(C)COC)C(=O)CCl,-2.73
CNC(=O)ON=C(SC)C(=O)N(C)C,0.106
Clc1ccc(CN(C2CCCC2)C(=O)Nc3ccccc3)cc1,-5.915
Clc1cccc(Cl)c1c2ccccc2,-5.21
CCOP(=S)(OCC)SC(CCl)N2C(=O)c1ccccc1C2=O,-6.34
O2c1ccccc1N(CC)C(=O)c3ccccc23,-3.68
CN(C)C=Nc1ccc(Cl)cc1C,-2.86
CC(C)C(=O)C(C)C,-1.3
Clc1cc(Cl)c(c(Cl)c1)c2c(Cl)cccc2Cl,-7.32
CCCCI,-2.96
CCOP(=S)(CC)Oc1cc(Cl)c(Cl)cc1Cl,-5.752
Clc1ccc(cc1Cl)c2ccccc2,-6.39
ClCBr,-0.89
CCCCS,-2.18
CC(C)C(C)C,-3.65
Cn1cnc2n(C)c(=O)[nH]c(=O)c12,-2.523
CCC(C)n1c(=O)[nH]c(C)c(Br)c1=O,-2.523
CCC(C)(C)CO,-1.04
CCOC(=O)c1ccccc1S(=O)(=O)NN(C=O)c2nc(Cl)cc(OC)n2,-4.576
ClCCl,-0.63
CN(C)C(=O)Nc1cccc(c1)C(F)(F)F,-3.32
Cc1ccc(cc1)S(=O)(=O)N,-1.74
CCCCCCC(C)O,-2.09
CC#N,0.26
CC(C)C(C)(C)C,-4.36
CC(C)Cc1ccccc1,-4.12
Cc1c2ccccc2c(C)c3ccccc13,-6.57
CCCCC1(CC)C(=O)NC(=O)NC1=O,-1.661
CC34CC(O)C1(F)C(CCC2=CC(=O)C=CC12C)C3CC(O)C4(O)C(=O)CO,-3.68
CCC=O,0.58
CC/C=C\C,-2.54
Cc2ncc1nccnc1n2,-0.12
CCC(=C)C,-2.73
Cc1ccccc1Br,-2.23
c1ccccc1NC(=O)c2c(O)cccc2,-3.59
c1ccc2cc3cc4ccccc4cc3cc2c1,-8.6
Clc1ccc(cc1)c2ccccc2Cl,-5.28
CCCCCCCCO,-2.39
CCOP(=S)(OCC)Oc1ccc(cc1)N(=O)=O,-4.66
CNC(=O)C=C(C)OP(=O)(OC)OC,0.651
CC(C#C)N(C)C(=O)Nc1ccc(Cl)cc1,-3.9
CCOP(=S)(OCC)SCSP(=S)(OCC)OCC,-5.54
ClC4=C(Cl)C5(Cl)C3C1CC(C2OC12)C3C4(Cl)C5(Cl)Cl,-6.29
CC(C)N(C(C)C)C(=O)SCC(Cl)=C(Cl)Cl,-4.88
c1(C#N)c(Cl)c(C#N)c(Cl)c(Cl)c(Cl)1,-5.64
CCCCCCC(=O)C,-2.05
CCOc1ccc(NC(N)=O)cc1,-2.17
c1ccccc1C(O)c2ccccc2,-2.55
O=C1NC(=O)NC(=O)C1(C(C)C)CC=C,-1.708
C1CC=CC1,-2.1
O=C1NC(=O)NC(=O)C1(CC)c1ccccc1,-2.322
